id,user_id,room_id
"1","1","1143"
"2","1","430"
"3","1","812"
"4","1","1121"
"5","1","1933"
"201","2","1870"
"202","2","729"
"203","2","1135"
"204","2","1044"
"205","2","952"
"401","3","1703"
"402","3","1909"
"403","3","381"
"404","3","1238"
"405","3","1462"
"601","4","1324"
"602","4","238"
"603","4","611"
"604","4","970"
"605","4","1368"
"801","5","703"
"802","5","327"
"803","5","1600"
"804","5","1336"
"805","5","1571"
"1001","6","1595"
"1002","6","778"
"1003","6","965"
"1004","6","2"
"1005","6","1119"
"1201","7","994"
"1202","7","170"
"1203","7","1950"
"1204","7","82"
"1205","7","1740"
"1401","8","146"
"1402","8","1152"
"1403","8","506"
"1404","8","534"
"1405","8","1544"
"1601","9","987"
"1602","9","62"
"1603","9","1078"
"1604","9","328"
"1605","9","127"
"1801","10","410"
"1802","10","398"
"1803","10","1038"
"1804","10","951"
"1805","10","1741"
"2001","11","604"
"2002","11","1221"
"2003","11","1513"
"2004","11","194"
"2005","11","854"
"2201","12","1439"
"2202","12","1442"
"2203","12","1434"
"2204","12","1041"
"2205","12","735"
"2401","13","529"
"2402","13","1410"
"2403","13","1286"
"2404","13","185"
"2405","13","248"
"2601","14","265"
"2602","14","3"
"2603","14","1587"
"2604","14","425"
"2605","14","1716"
"2801","15","1652"
"2802","15","793"
"2803","15","1415"
"2804","15","317"
"2805","15","170"
"3001","16","1944"
"3002","16","1557"
"3003","16","1766"
"3004","16","377"
"3005","16","1245"
"3201","17","1791"
"3202","17","1797"
"3203","17","1831"
"3204","17","783"
"3205","17","678"
"3401","18","904"
"3402","18","1606"
"3403","18","1570"
"3404","18","368"
"3405","18","130"
"3601","19","1574"
"3602","19","598"
"3603","19","522"
"3604","19","1690"
"3605","19","1388"
"3801","20","1884"
"3802","20","81"
"3803","20","358"
"3804","20","1149"
"3805","20","469"
"4001","21","368"
"4002","21","1844"
"4003","21","953"
"4004","21","749"
"4005","21","744"
"4201","22","1592"
"4202","22","18"
"4203","22","1516"
"4204","22","1396"
"4205","22","1176"
"4401","23","1735"
"4402","23","30"
"4403","23","944"
"4404","23","202"
"4405","23","303"
"4601","24","110"
"4602","24","1042"
"4603","24","1724"
"4604","24","1801"
"4605","24","333"
"4801","25","629"
"4802","25","692"
"4803","25","216"
"4804","25","1730"
"4805","25","1861"
"5001","26","222"
"5002","26","424"
"5003","26","1691"
"5004","26","1661"
"5005","26","1701"
"5201","27","974"
"5202","27","809"
"5203","27","586"
"5204","27","1843"
"5205","27","191"
"5401","28","388"
"5402","28","1712"
"5403","28","1645"
"5404","28","1513"
"5405","28","218"
"5601","29","291"
"5602","29","275"
"5603","29","542"
"5604","29","415"
"5605","29","1861"
"5801","30","977"
"5802","30","1232"
"5803","30","92"
"5804","30","1826"
"5805","30","1300"
"6001","31","510"
"6002","31","295"
"6003","31","444"
"6004","31","746"
"6005","31","12"
"6201","32","709"
"6202","32","207"
"6203","32","1195"
"6204","32","654"
"6205","32","1296"
"6401","33","611"
"6402","33","699"
"6403","33","186"
"6404","33","682"
"6405","33","1061"
"6601","34","1156"
"6602","34","456"
"6603","34","1630"
"6604","34","1639"
"6605","34","1002"
"6801","35","87"
"6802","35","1508"
"6803","35","707"
"6804","35","1580"
"6805","35","1823"
"7001","36","496"
"7002","36","1126"
"7003","36","1151"
"7004","36","868"
"7005","36","1193"
"7201","37","1740"
"7202","37","1177"
"7203","37","477"
"7204","37","1727"
"7205","37","503"
"7401","38","1492"
"7402","38","1238"
"7403","38","519"
"7404","38","220"
"7405","38","1028"
"7601","39","1"
"7602","39","1186"
"7603","39","976"
"7604","39","1618"
"7605","39","1057"
"7801","40","906"
"7802","40","1619"
"7803","40","259"
"7804","40","1648"
"7805","40","683"
"8001","41","1862"
"8002","41","1502"
"8003","41","698"
"8004","41","178"
"8005","41","1671"
"8201","42","876"
"8202","42","1624"
"8203","42","260"
"8204","42","1848"
"8205","42","934"
"8401","43","1161"
"8402","43","718"
"8403","43","1329"
"8404","43","125"
"8405","43","1898"
"8601","44","1368"
"8602","44","1068"
"8603","44","639"
"8604","44","1196"
"8605","44","1594"
"8801","45","1505"
"8802","45","1475"
"8803","45","215"
"8804","45","1202"
"8805","45","1529"
"9001","46","231"
"9002","46","364"
"9003","46","1728"
"9004","46","610"
"9005","46","1775"
"9201","47","1065"
"9202","47","124"
"9203","47","1453"
"9204","47","1769"
"9205","47","786"
"9401","48","233"
"9402","48","686"
"9403","48","1779"
"9404","48","1666"
"9405","48","1795"
"9601","49","1349"
"9602","49","1735"
"9603","49","844"
"9604","49","372"
"9605","49","1309"
"9801","50","1126"
"9802","50","226"
"9803","50","1339"
"9804","50","142"
"9805","50","1037"
"10001","51","21"
"10002","51","386"
"10003","51","641"
"10004","51","1793"
"10005","51","984"
"10201","52","1099"
"10202","52","1157"
"10203","52","456"
"10204","52","1182"
"10205","52","774"
"10401","53","1263"
"10402","53","1844"
"10403","53","1024"
"10404","53","1395"
"10405","53","1593"
"10601","54","1637"
"10602","54","272"
"10603","54","359"
"10604","54","1961"
"10605","54","168"
"10801","55","32"
"10802","55","1484"
"10803","55","1939"
"10804","55","1107"
"10805","55","791"
"11001","56","1116"
"11002","56","414"
"11003","56","281"
"11004","56","1138"
"11005","56","1780"
"11201","57","917"
"11202","57","1726"
"11203","57","1750"
"11204","57","516"
"11205","57","8"
"11401","58","488"
"11402","58","829"
"11403","58","591"
"11404","58","1026"
"11405","58","1681"
"11601","59","369"
"11602","59","1551"
"11603","59","914"
"11604","59","550"
"11605","59","1556"
"11801","60","877"
"11802","60","17"
"11803","60","1411"
"11804","60","634"
"11805","60","1059"
"12001","61","1674"
"12002","61","58"
"12003","61","1578"
"12004","61","242"
"12005","61","1008"
"12201","62","1680"
"12202","62","851"
"12203","62","317"
"12204","62","30"
"12205","62","1065"
"12401","63","1165"
"12402","63","1521"
"12403","63","1133"
"12404","63","611"
"12405","63","1050"
"12601","64","842"
"12602","64","1268"
"12603","64","177"
"12604","64","853"
"12605","64","1522"
"12801","65","766"
"12802","65","96"
"12803","65","1678"
"12804","65","1888"
"12805","65","1288"
"13001","66","1102"
"13002","66","1669"
"13003","66","106"
"13004","66","1008"
"13005","66","1643"
"13201","67","193"
"13202","67","1071"
"13203","67","1060"
"13204","67","1236"
"13205","67","831"
"13401","68","48"
"13402","68","895"
"13403","68","1193"
"13404","68","1428"
"13405","68","1693"
"13601","69","577"
"13602","69","645"
"13603","69","1411"
"13604","69","62"
"13605","69","1348"
"13801","70","875"
"13802","70","174"
"13803","70","1700"
"13804","70","1363"
"13805","70","656"
"14001","71","49"
"14002","71","155"
"14003","71","389"
"14004","71","482"
"14005","71","1667"
"14201","72","1330"
"14202","72","1749"
"14203","72","326"
"14204","72","310"
"14205","72","815"
"14401","73","992"
"14402","73","894"
"14403","73","984"
"14404","73","525"
"14405","73","1930"
"14601","74","1014"
"14602","74","552"
"14603","74","847"
"14604","74","1380"
"14605","74","1144"
"14801","75","993"
"14802","75","46"
"14803","75","550"
"14804","75","1041"
"14805","75","714"
"15001","76","987"
"15002","76","936"
"15003","76","1447"
"15004","76","1297"
"15005","76","221"
"15201","77","1047"
"15202","77","673"
"15203","77","1724"
"15204","77","563"
"15205","77","1771"
"15401","78","966"
"15402","78","1657"
"15403","78","743"
"15404","78","83"
"15405","78","1648"
"15601","79","561"
"15602","79","228"
"15603","79","1969"
"15604","79","26"
"15605","79","873"
"15801","80","536"
"15802","80","1537"
"15803","80","930"
"15804","80","1020"
"15805","80","1579"
"16001","81","1931"
"16002","81","1076"
"16003","81","556"
"16004","81","1743"
"16005","81","1310"
"16201","82","637"
"16202","82","508"
"16203","82","1594"
"16204","82","978"
"16205","82","998"
"16401","83","1665"
"16402","83","567"
"16403","83","886"
"16404","83","1195"
"16405","83","923"
"16601","84","1714"
"16602","84","270"
"16603","84","1880"
"16604","84","771"
"16605","84","882"
"16801","85","1830"
"16802","85","1123"
"16803","85","1497"
"16804","85","1814"
"16805","85","1922"
"17001","86","738"
"17002","86","572"
"17003","86","975"
"17004","86","976"
"17005","86","419"
"17201","87","1936"
"17202","87","1426"
"17203","87","1661"
"17204","87","265"
"17205","87","1532"
"17401","88","436"
"17402","88","1290"
"17403","88","1437"
"17404","88","1632"
"17405","88","1305"
"17601","89","940"
"17602","89","277"
"17603","89","1107"
"17604","89","315"
"17605","89","138"
"17801","90","1838"
"17802","90","470"
"17803","90","1971"
"17804","90","1660"
"17805","90","1357"
"18001","91","1530"
"18002","91","721"
"18003","91","1312"
"18004","91","1122"
"18005","91","770"
"18201","92","340"
"18202","92","740"
"18203","92","1311"
"18204","92","852"
"18205","92","1570"
"18401","93","208"
"18402","93","507"
"18403","93","1329"
"18404","93","670"
"18405","93","238"
"18601","94","710"
"18602","94","277"
"18603","94","575"
"18604","94","1777"
"18605","94","750"
"18801","95","224"
"18802","95","1077"
"18803","95","501"
"18804","95","1310"
"18805","95","1644"
"19001","96","1683"
"19002","96","282"
"19003","96","734"
"19004","96","1242"
"19005","96","73"
"19201","97","684"
"19202","97","308"
"19203","97","1869"
"19204","97","1464"
"19205","97","1280"
"19401","98","677"
"19402","98","1958"
"19403","98","1928"
"19404","98","1886"
"19405","98","1778"
"19601","99","622"
"19602","99","265"
"19603","99","1413"
"19604","99","1378"
"19605","99","786"
"19801","100","828"
"19802","100","914"
"19803","100","1003"
"19804","100","1464"
"19805","100","184"
"20001","101","1344"
"20002","101","110"
"20003","101","906"
"20004","101","1675"
"20005","101","438"
"20201","102","1905"
"20202","102","1170"
"20203","102","207"
"20204","102","1698"
"20205","102","324"
"20401","103","1209"
"20402","103","1137"
"20403","103","752"
"20404","103","322"
"20405","103","1764"
"20601","104","40"
"20602","104","1194"
"20603","104","27"
"20604","104","285"
"20605","104","1512"
"20801","105","1933"
"20802","105","126"
"20803","105","1665"
"20804","105","32"
"20805","105","777"
"21001","106","1328"
"21002","106","1404"
"21003","106","1175"
"21004","106","411"
"21005","106","1815"
"21201","107","577"
"21202","107","889"
"21203","107","251"
"21204","107","1538"
"21205","107","168"
"21401","108","361"
"21402","108","240"
"21403","108","526"
"21404","108","1506"
"21405","108","735"
"21601","109","1803"
"21602","109","384"
"21603","109","948"
"21604","109","1327"
"21605","109","1845"
"21801","110","1151"
"21802","110","83"
"21803","110","864"
"21804","110","1547"
"21805","110","172"
"22001","111","289"
"22002","111","516"
"22003","111","1109"
"22004","111","349"
"22005","111","295"
"22201","112","952"
"22202","112","1023"
"22203","112","1807"
"22204","112","1912"
"22205","112","1865"
"22401","113","1691"
"22402","113","1702"
"22403","113","1353"
"22404","113","766"
"22405","113","1161"
"22601","114","1509"
"22602","114","1584"
"22603","114","952"
"22604","114","51"
"22605","114","716"
"22801","115","1303"
"22802","115","257"
"22803","115","743"
"22804","115","90"
"22805","115","884"
"23001","116","1104"
"23002","116","1743"
"23003","116","571"
"23004","116","611"
"23005","116","1179"
"23201","117","1842"
"23202","117","1457"
"23203","117","1580"
"23204","117","534"
"23205","117","1769"
"23401","118","114"
"23402","118","776"
"23403","118","770"
"23404","118","598"
"23405","118","997"
"23601","119","1107"
"23602","119","878"
"23603","119","1659"
"23604","119","80"
"23605","119","524"
"23801","120","863"
"23802","120","346"
"23803","120","1620"
"23804","120","1255"
"23805","120","1081"
"24001","121","311"
"24002","121","1413"
"24003","121","661"
"24004","121","57"
"24005","121","1714"
"24201","122","1399"
"24202","122","465"
"24203","122","1841"
"24204","122","1484"
"24205","122","184"
"24401","123","851"
"24402","123","53"
"24403","123","627"
"24404","123","1260"
"24405","123","331"
"24601","124","510"
"24602","124","1117"
"24603","124","1646"
"24604","124","420"
"24605","124","245"
"24801","125","1112"
"24802","125","433"
"24803","125","1432"
"24804","125","87"
"24805","125","418"
"25001","126","904"
"25002","126","1422"
"25003","126","657"
"25004","126","641"
"25005","126","1896"
"25201","127","843"
"25202","127","748"
"25203","127","104"
"25204","127","1449"
"25205","127","618"
"25401","128","1179"
"25402","128","1492"
"25403","128","1112"
"25404","128","158"
"25405","128","208"
"25601","129","1752"
"25602","129","322"
"25603","129","1440"
"25604","129","1793"
"25605","129","1023"
"25801","130","1457"
"25802","130","1644"
"25803","130","1470"
"25804","130","1013"
"25805","130","1652"
"26001","131","278"
"26002","131","1354"
"26003","131","50"
"26004","131","1252"
"26005","131","237"
"26201","132","437"
"26202","132","545"
"26203","132","490"
"26204","132","491"
"26205","132","1969"
"26401","133","766"
"26402","133","1396"
"26403","133","94"
"26404","133","336"
"26405","133","1688"
"26601","134","656"
"26602","134","1280"
"26603","134","667"
"26604","134","1030"
"26605","134","61"
"26801","135","1853"
"26802","135","864"
"26803","135","607"
"26804","135","386"
"26805","135","1938"
"27001","136","821"
"27002","136","150"
"27003","136","971"
"27004","136","374"
"27005","136","725"
"27201","137","1612"
"27202","137","791"
"27203","137","534"
"27204","137","1954"
"27205","137","1035"
"27401","138","1724"
"27402","138","413"
"27403","138","1343"
"27404","138","170"
"27405","138","1096"
"27601","139","1501"
"27602","139","954"
"27603","139","756"
"27604","139","924"
"27605","139","951"
"27801","140","294"
"27802","140","363"
"27803","140","1544"
"27804","140","245"
"27805","140","1336"
"28001","141","1828"
"28002","141","1930"
"28003","141","1548"
"28004","141","1594"
"28005","141","842"
"28201","142","1036"
"28202","142","1665"
"28203","142","1061"
"28204","142","1853"
"28205","142","1785"
"28401","143","1708"
"28402","143","911"
"28403","143","1892"
"28404","143","1575"
"28405","143","1134"
"28601","144","983"
"28602","144","1003"
"28603","144","1548"
"28604","144","1104"
"28605","144","1806"
"28801","145","123"
"28802","145","592"
"28803","145","324"
"28804","145","1434"
"28805","145","581"
"29001","146","1568"
"29002","146","100"
"29003","146","1161"
"29004","146","605"
"29005","146","473"
"29201","147","478"
"29202","147","839"
"29203","147","1014"
"29204","147","1452"
"29205","147","761"
"29401","148","1821"
"29402","148","528"
"29403","148","1302"
"29404","148","402"
"29405","148","252"
"29601","149","601"
"29602","149","974"
"29603","149","486"
"29604","149","1571"
"29605","149","1065"
"29801","150","10"
"29802","150","1362"
"29803","150","1457"
"29804","150","1510"
"29805","150","976"
"30001","151","1809"
"30002","151","1350"
"30003","151","1622"
"30004","151","1848"
"30005","151","1638"
"30201","152","1151"
"30202","152","1703"
"30203","152","1325"
"30204","152","186"
"30205","152","16"
"30401","153","1331"
"30402","153","1807"
"30403","153","64"
"30404","153","826"
"30405","153","1777"
"30601","154","1941"
"30602","154","1672"
"30603","154","1576"
"30604","154","1881"
"30605","154","692"
"30801","155","1513"
"30802","155","258"
"30803","155","1917"
"30804","155","1653"
"30805","155","714"
"31001","156","178"
"31002","156","1164"
"31003","156","725"
"31004","156","1591"
"31005","156","1723"
"31201","157","1530"
"31202","157","108"
"31203","157","950"
"31204","157","509"
"31205","157","1140"
"31401","158","681"
"31402","158","703"
"31403","158","62"
"31404","158","1900"
"31405","158","1569"
"31601","159","1277"
"31602","159","1697"
"31603","159","129"
"31604","159","1016"
"31605","159","183"
"31801","160","1008"
"31802","160","753"
"31803","160","284"
"31804","160","64"
"31805","160","1309"
"32001","161","670"
"32002","161","1404"
"32003","161","493"
"32004","161","614"
"32005","161","1841"
"32201","162","259"
"32202","162","1337"
"32203","162","856"
"32204","162","1661"
"32205","162","1133"
"32401","163","1312"
"32402","163","862"
"32403","163","1291"
"32404","163","64"
"32405","163","1679"
"32601","164","1548"
"32602","164","282"
"32603","164","993"
"32604","164","283"
"32605","164","148"
"32801","165","94"
"32802","165","1642"
"32803","165","623"
"32804","165","909"
"32805","165","1752"
"33001","166","447"
"33002","166","660"
"33003","166","1153"
"33004","166","1451"
"33005","166","1958"
"33201","167","81"
"33202","167","1026"
"33203","167","685"
"33204","167","1601"
"33205","167","1299"
"33401","168","1418"
"33402","168","221"
"33403","168","1263"
"33404","168","1123"
"33405","168","94"
"33601","169","1664"
"33602","169","492"
"33603","169","578"
"33604","169","624"
"33605","169","412"
"33801","170","848"
"33802","170","1011"
"33803","170","1051"
"33804","170","941"
"33805","170","1242"
"34001","171","1005"
"34002","171","618"
"34003","171","1274"
"34004","171","1403"
"34005","171","1400"
"34201","172","1703"
"34202","172","913"
"34203","172","1685"
"34204","172","1605"
"34205","172","372"
"34401","173","1767"
"34402","173","1270"
"34403","173","1569"
"34404","173","1179"
"34405","173","835"
"34601","174","234"
"34602","174","916"
"34603","174","1223"
"34604","174","115"
"34605","174","1763"
"34801","175","1683"
"34802","175","124"
"34803","175","359"
"34804","175","380"
"34805","175","74"
"35001","176","1013"
"35002","176","286"
"35003","176","1481"
"35004","176","338"
"35005","176","408"
"35201","177","826"
"35202","177","1554"
"35203","177","893"
"35204","177","457"
"35205","177","49"
"35401","178","354"
"35402","178","1777"
"35403","178","731"
"35404","178","540"
"35405","178","123"
"35601","179","1724"
"35602","179","1830"
"35603","179","435"
"35604","179","1897"
"35605","179","122"
"35801","180","158"
"35802","180","345"
"35803","180","36"
"35804","180","1399"
"35805","180","493"
"36001","181","1175"
"36002","181","1128"
"36003","181","149"
"36004","181","880"
"36005","181","1520"
"36201","182","1494"
"36202","182","996"
"36203","182","210"
"36204","182","434"
"36205","182","345"
"36401","183","1004"
"36402","183","242"
"36403","183","750"
"36404","183","1441"
"36405","183","867"
"36601","184","123"
"36602","184","902"
"36603","184","525"
"36604","184","1863"
"36605","184","1093"
"36801","185","1663"
"36802","185","380"
"36803","185","560"
"36804","185","1095"
"36805","185","1443"
"37001","186","1672"
"37002","186","576"
"37003","186","1737"
"37004","186","346"
"37005","186","1273"
"37201","187","1175"
"37202","187","948"
"37203","187","696"
"37204","187","1086"
"37205","187","555"
"37401","188","1227"
"37402","188","730"
"37403","188","577"
"37404","188","1618"
"37405","188","564"
"37601","189","867"
"37602","189","705"
"37603","189","16"
"37604","189","527"
"37605","189","233"
"37801","190","661"
"37802","190","988"
"37803","190","501"
"37804","190","981"
"37805","190","619"
"38001","191","1353"
"38002","191","1899"
"38003","191","1159"
"38004","191","15"
"38005","191","1905"
"38201","192","1485"
"38202","192","605"
"38203","192","68"
"38204","192","1836"
"38205","192","893"
"38401","193","219"
"38402","193","1419"
"38403","193","1747"
"38404","193","1160"
"38405","193","1248"
"38601","194","626"
"38602","194","1872"
"38603","194","1369"
"38604","194","530"
"38605","194","1721"
"38801","195","1509"
"38802","195","1770"
"38803","195","1666"
"38804","195","1944"
"38805","195","154"
"39001","196","730"
"39002","196","105"
"39003","196","1832"
"39004","196","1087"
"39005","196","430"
"39201","197","1270"
"39202","197","856"
"39203","197","712"
"39204","197","900"
"39205","197","275"
"39401","198","1729"
"39402","198","523"
"39403","198","593"
"39404","198","656"
"39405","198","1146"
"39601","199","1101"
"39602","199","1307"
"39603","199","933"
"39604","199","511"
"39605","199","428"
"39801","200","1407"
"39802","200","578"
"39803","200","711"
"39804","200","1501"
"39805","200","350"
"40001","201","1852"
"40002","201","938"
"40003","201","289"
"40004","201","235"
"40005","201","476"
"40201","202","1004"
"40202","202","246"
"40203","202","1151"
"40204","202","1431"
"40205","202","167"
"40401","203","1869"
"40402","203","1403"
"40403","203","1352"
"40404","203","1797"
"40405","203","1312"
"40601","204","994"
"40602","204","586"
"40603","204","1854"
"40604","204","1752"
"40605","204","1365"
"40801","205","488"
"40802","205","240"
"40803","205","879"
"40804","205","300"
"40805","205","1316"
"41001","206","1876"
"41002","206","518"
"41003","206","920"
"41004","206","276"
"41005","206","1929"
"41201","207","84"
"41202","207","1680"
"41203","207","1893"
"41204","207","1081"
"41205","207","1589"
"41401","208","710"
"41402","208","1867"
"41403","208","1570"
"41404","208","104"
"41405","208","1605"
"41601","209","621"
"41602","209","1562"
"41603","209","1560"
"41604","209","1622"
"41605","209","296"
"41801","210","993"
"41802","210","1812"
"41803","210","1956"
"41804","210","241"
"41805","210","69"
"42001","211","1427"
"42002","211","1684"
"42003","211","325"
"42004","211","84"
"42005","211","1702"
"42201","212","1184"
"42202","212","1170"
"42203","212","551"
"42204","212","761"
"42205","212","555"
"42401","213","1100"
"42402","213","20"
"42403","213","1444"
"42404","213","580"
"42405","213","705"
"42601","214","312"
"42602","214","175"
"42603","214","1760"
"42604","214","745"
"42605","214","847"
"42801","215","1564"
"42802","215","1572"
"42803","215","712"
"42804","215","698"
"42805","215","155"
"43001","216","1325"
"43002","216","203"
"43003","216","1509"
"43004","216","573"
"43005","216","1767"
"43201","217","1432"
"43202","217","254"
"43203","217","1207"
"43204","217","1129"
"43205","217","1589"
"43401","218","1622"
"43402","218","1079"
"43403","218","1973"
"43404","218","1103"
"43405","218","275"
"43601","219","266"
"43602","219","431"
"43603","219","1481"
"43604","219","852"
"43605","219","1049"
"43801","220","951"
"43802","220","17"
"43803","220","380"
"43804","220","284"
"43805","220","790"
"44001","221","474"
"44002","221","1971"
"44003","221","1493"
"44004","221","1673"
"44005","221","1657"
"44201","222","1298"
"44202","222","1198"
"44203","222","276"
"44204","222","1281"
"44205","222","125"
"44401","223","150"
"44402","223","1813"
"44403","223","1289"
"44404","223","1180"
"44405","223","320"
"44601","224","547"
"44602","224","1619"
"44603","224","1886"
"44604","224","1382"
"44605","224","402"
"44801","225","117"
"44802","225","1866"
"44803","225","434"
"44804","225","54"
"44805","225","1739"
"45001","226","732"
"45002","226","787"
"45003","226","1612"
"45004","226","692"
"45005","226","801"
"45201","227","1560"
"45202","227","1957"
"45203","227","760"
"45204","227","190"
"45205","227","1353"
"45401","228","82"
"45402","228","145"
"45403","228","1264"
"45404","228","797"
"45405","228","134"
"45601","229","59"
"45602","229","811"
"45603","229","493"
"45604","229","1035"
"45605","229","1292"
"45801","230","332"
"45802","230","1852"
"45803","230","784"
"45804","230","1201"
"45805","230","681"
"46001","231","507"
"46002","231","1106"
"46003","231","46"
"46004","231","18"
"46005","231","991"
"46201","232","1433"
"46202","232","19"
"46203","232","1618"
"46204","232","539"
"46205","232","318"
"46401","233","896"
"46402","233","1556"
"46403","233","742"
"46404","233","1496"
"46405","233","81"
"46601","234","117"
"46602","234","339"
"46603","234","1475"
"46604","234","140"
"46605","234","1666"
"46801","235","1260"
"46802","235","1034"
"46803","235","1363"
"46804","235","1627"
"46805","235","440"
"47001","236","837"
"47002","236","1941"
"47003","236","1573"
"47004","236","1328"
"47005","236","175"
"47201","237","901"
"47202","237","948"
"47203","237","908"
"47204","237","72"
"47205","237","1548"
"47401","238","1381"
"47402","238","1439"
"47403","238","1585"
"47404","238","922"
"47405","238","865"
"47601","239","31"
"47602","239","1163"
"47603","239","957"
"47604","239","1400"
"47605","239","1085"
"47801","240","326"
"47802","240","1376"
"47803","240","1709"
"47804","240","796"
"47805","240","33"
"48001","241","116"
"48002","241","710"
"48003","241","809"
"48004","241","1114"
"48005","241","244"
"48201","242","514"
"48202","242","1601"
"48203","242","724"
"48204","242","1144"
"48205","242","1282"
"48401","243","1567"
"48402","243","318"
"48403","243","36"
"48404","243","220"
"48405","243","352"
"48601","244","514"
"48602","244","819"
"48603","244","1057"
"48604","244","161"
"48605","244","1319"
"48801","245","540"
"48802","245","1800"
"48803","245","263"
"48804","245","713"
"48805","245","1170"
"49001","246","1022"
"49002","246","779"
"49003","246","1545"
"49004","246","115"
"49005","246","1372"
"49201","247","1286"
"49202","247","629"
"49203","247","1375"
"49204","247","1024"
"49205","247","1200"
"49401","248","1664"
"49402","248","71"
"49403","248","175"
"49404","248","1627"
"49405","248","603"
"49601","249","131"
"49602","249","1476"
"49603","249","103"
"49604","249","564"
"49605","249","880"
"49801","250","869"
"49802","250","627"
"49803","250","1035"
"49804","250","291"
"49805","250","487"
"50001","251","1458"
"50002","251","67"
"50003","251","1799"
"50004","251","200"
"50005","251","1784"
"50201","252","732"
"50202","252","678"
"50203","252","1934"
"50204","252","1204"
"50205","252","109"
"50401","253","1533"
"50402","253","791"
"50403","253","629"
"50404","253","581"
"50405","253","1671"
"50601","254","968"
"50602","254","361"
"50603","254","644"
"50604","254","1005"
"50605","254","1058"
"50801","255","546"
"50802","255","411"
"50803","255","1602"
"50804","255","1707"
"50805","255","1217"
"51001","256","1589"
"51002","256","440"
"51003","256","951"
"51004","256","762"
"51005","256","896"
"51201","257","201"
"51202","257","803"
"51203","257","290"
"51204","257","494"
"51205","257","985"
"51401","258","210"
"51402","258","696"
"51403","258","1972"
"51404","258","929"
"51405","258","1600"
"51601","259","131"
"51602","259","1678"
"51603","259","738"
"51604","259","294"
"51605","259","381"
"51801","260","1486"
"51802","260","1902"
"51803","260","440"
"51804","260","1540"
"51805","260","359"
"52001","261","830"
"52002","261","1630"
"52003","261","92"
"52004","261","991"
"52005","261","1531"
"52201","262","1068"
"52202","262","1235"
"52203","262","1312"
"52204","262","173"
"52205","262","547"
"52401","263","1639"
"52402","263","1934"
"52403","263","1534"
"52404","263","214"
"52405","263","1000"
"52601","264","1617"
"52602","264","127"
"52603","264","897"
"52604","264","294"
"52605","264","1366"
"52801","265","932"
"52802","265","1508"
"52803","265","624"
"52804","265","564"
"52805","265","1193"
"53001","266","1162"
"53002","266","1723"
"53003","266","1170"
"53004","266","1061"
"53005","266","1376"
"53201","267","286"
"53202","267","23"
"53203","267","845"
"53204","267","1027"
"53205","267","15"
"53401","268","595"
"53402","268","1710"
"53403","268","1489"
"53404","268","51"
"53405","268","367"
"53601","269","569"
"53602","269","352"
"53603","269","1098"
"53604","269","395"
"53605","269","1163"
"53801","270","599"
"53802","270","982"
"53803","270","1867"
"53804","270","332"
"53805","270","1166"
"54001","271","581"
"54002","271","653"
"54003","271","1565"
"54004","271","1814"
"54005","271","172"
"54201","272","1951"
"54202","272","955"
"54203","272","294"
"54204","272","399"
"54205","272","133"
"54401","273","792"
"54402","273","1949"
"54403","273","1904"
"54404","273","933"
"54405","273","1961"
"54601","274","158"
"54602","274","909"
"54603","274","660"
"54604","274","615"
"54605","274","1184"
"54801","275","711"
"54802","275","1906"
"54803","275","1295"
"54804","275","1556"
"54805","275","373"
"55001","276","1760"
"55002","276","1148"
"55003","276","414"
"55004","276","522"
"55005","276","1746"
"55201","277","1780"
"55202","277","1175"
"55203","277","1474"
"55204","277","860"
"55205","277","931"
"55401","278","962"
"55402","278","23"
"55403","278","632"
"55404","278","754"
"55405","278","1004"
"55601","279","714"
"55602","279","118"
"55603","279","921"
"55604","279","674"
"55605","279","83"
"55801","280","595"
"55802","280","1062"
"55803","280","1133"
"55804","280","1023"
"55805","280","130"
"56001","281","1602"
"56002","281","1586"
"56003","281","1142"
"56004","281","812"
"56005","281","1430"
"56201","282","1160"
"56202","282","1490"
"56203","282","510"
"56204","282","455"
"56205","282","845"
"56401","283","866"
"56402","283","1851"
"56403","283","1739"
"56404","283","297"
"56405","283","1245"
"56601","284","731"
"56602","284","1726"
"56603","284","1928"
"56604","284","424"
"56605","284","1166"
"56801","285","627"
"56802","285","721"
"56803","285","452"
"56804","285","755"
"56805","285","231"
"57001","286","953"
"57002","286","1001"
"57003","286","1782"
"57004","286","473"
"57005","286","1561"
"57201","287","804"
"57202","287","1940"
"57203","287","193"
"57204","287","1719"
"57205","287","127"
"57401","288","1959"
"57402","288","640"
"57403","288","1127"
"57404","288","209"
"57405","288","1738"
"57601","289","1374"
"57602","289","132"
"57603","289","1574"
"57604","289","467"
"57605","289","1323"
"57801","290","958"
"57802","290","148"
"57803","290","1622"
"57804","290","1637"
"57805","290","1289"
"58001","291","594"
"58002","291","1100"
"58003","291","103"
"58004","291","775"
"58005","291","1823"
"58201","292","283"
"58202","292","1891"
"58203","292","916"
"58204","292","1127"
"58205","292","676"
"58401","293","1717"
"58402","293","548"
"58403","293","576"
"58404","293","1592"
"58405","293","173"
"58601","294","96"
"58602","294","1214"
"58603","294","1540"
"58604","294","99"
"58605","294","738"
"58801","295","1245"
"58802","295","449"
"58803","295","512"
"58804","295","197"
"58805","295","979"
"59001","296","1690"
"59002","296","975"
"59003","296","1920"
"59004","296","190"
"59005","296","1490"
"59201","297","1830"
"59202","297","1310"
"59203","297","776"
"59204","297","707"
"59205","297","1728"
"59401","298","1111"
"59402","298","384"
"59403","298","166"
"59404","298","473"
"59405","298","315"
"59601","299","1160"
"59602","299","1722"
"59603","299","1516"
"59604","299","631"
"59605","299","319"
"59801","300","1339"
"59802","300","838"
"59803","300","152"
"59804","300","664"
"59805","300","1212"
"60001","301","1176"
"60002","301","841"
"60003","301","383"
"60004","301","55"
"60005","301","1840"
"60201","302","1214"
"60202","302","1437"
"60203","302","464"
"60204","302","1766"
"60205","302","1580"
"60401","303","1848"
"60402","303","509"
"60403","303","431"
"60404","303","312"
"60405","303","1010"
"60601","304","1326"
"60602","304","572"
"60603","304","1818"
"60604","304","1362"
"60605","304","706"
"60801","305","647"
"60802","305","289"
"60803","305","1548"
"60804","305","86"
"60805","305","921"
"61001","306","1217"
"61002","306","1138"
"61003","306","666"
"61004","306","1415"
"61005","306","645"
"61201","307","1604"
"61202","307","901"
"61203","307","1464"
"61204","307","176"
"61205","307","1397"
"61401","308","1920"
"61402","308","1921"
"61403","308","1926"
"61404","308","11"
"61405","308","1849"
"61601","309","786"
"61602","309","1957"
"61603","309","104"
"61604","309","1513"
"61605","309","1378"
"61801","310","1492"
"61802","310","810"
"61803","310","792"
"61804","310","556"
"61805","310","901"
"62001","311","1282"
"62002","311","179"
"62003","311","1914"
"62004","311","1925"
"62005","311","550"
"62201","312","1666"
"62202","312","1449"
"62203","312","774"
"62204","312","1591"
"62205","312","596"
"62401","313","950"
"62402","313","342"
"62403","313","785"
"62404","313","214"
"62405","313","1012"
"62601","314","1768"
"62602","314","1186"
"62603","314","1025"
"62604","314","229"
"62605","314","264"
"62801","315","407"
"62802","315","399"
"62803","315","190"
"62804","315","1127"
"62805","315","202"
"63001","316","1303"
"63002","316","182"
"63003","316","1083"
"63004","316","477"
"63005","316","316"
"63201","317","1082"
"63202","317","1810"
"63203","317","57"
"63204","317","1905"
"63205","317","1106"
"63401","318","518"
"63402","318","353"
"63403","318","1231"
"63404","318","1498"
"63405","318","774"
"63601","319","960"
"63602","319","1832"
"63603","319","850"
"63604","319","1726"
"63605","319","166"
"63801","320","274"
"63802","320","1046"
"63803","320","1112"
"63804","320","23"
"63805","320","172"
"64001","321","1660"
"64002","321","178"
"64003","321","1070"
"64004","321","1868"
"64005","321","737"
"64201","322","1385"
"64202","322","409"
"64203","322","752"
"64204","322","301"
"64205","322","277"
"64401","323","1664"
"64402","323","734"
"64403","323","1263"
"64404","323","1446"
"64405","323","1309"
"64601","324","404"
"64602","324","1752"
"64603","324","1689"
"64604","324","460"
"64605","324","1763"
"64801","325","954"
"64802","325","1962"
"64803","325","735"
"64804","325","1949"
"64805","325","1568"
"65001","326","555"
"65002","326","230"
"65003","326","1115"
"65004","326","1490"
"65005","326","1646"
"65201","327","1741"
"65202","327","1475"
"65203","327","698"
"65204","327","1831"
"65205","327","1608"
"65401","328","511"
"65402","328","1613"
"65403","328","251"
"65404","328","1886"
"65405","328","730"
"65601","329","333"
"65602","329","1545"
"65603","329","946"
"65604","329","589"
"65605","329","725"
"65801","330","1246"
"65802","330","661"
"65803","330","5"
"65804","330","188"
"65805","330","1285"
"66001","331","1208"
"66002","331","603"
"66003","331","1082"
"66004","331","1422"
"66005","331","1039"
"66201","332","1941"
"66202","332","818"
"66203","332","16"
"66204","332","1148"
"66205","332","744"
"66401","333","1007"
"66402","333","1595"
"66403","333","1175"
"66404","333","1503"
"66405","333","1253"
"66601","334","1067"
"66602","334","1122"
"66603","334","263"
"66604","334","780"
"66605","334","1485"
"66801","335","1758"
"66802","335","1906"
"66803","335","23"
"66804","335","1013"
"66805","335","618"
"67001","336","970"
"67002","336","615"
"67003","336","1145"
"67004","336","961"
"67005","336","1337"
"67201","337","948"
"67202","337","1710"
"67203","337","1350"
"67204","337","1505"
"67205","337","964"
"67401","338","12"
"67402","338","85"
"67403","338","1779"
"67404","338","1943"
"67405","338","731"
"67601","339","766"
"67602","339","1042"
"67603","339","90"
"67604","339","257"
"67605","339","479"
"67801","340","1335"
"67802","340","1671"
"67803","340","1551"
"67804","340","529"
"67805","340","624"
"68001","341","155"
"68002","341","927"
"68003","341","697"
"68004","341","297"
"68005","341","1369"
"68201","342","1752"
"68202","342","829"
"68203","342","109"
"68204","342","1273"
"68205","342","1259"
"68401","343","806"
"68402","343","650"
"68403","343","308"
"68404","343","368"
"68405","343","1876"
"68601","344","1849"
"68602","344","1445"
"68603","344","1317"
"68604","344","554"
"68605","344","1416"
"68801","345","925"
"68802","345","348"
"68803","345","1000"
"68804","345","890"
"68805","345","1030"
"69001","346","492"
"69002","346","1046"
"69003","346","1520"
"69004","346","1686"
"69005","346","50"
"69201","347","298"
"69202","347","1181"
"69203","347","1831"
"69204","347","864"
"69205","347","1483"
"69401","348","1481"
"69402","348","1009"
"69403","348","1912"
"69404","348","82"
"69405","348","763"
"69601","349","1954"
"69602","349","37"
"69603","349","104"
"69604","349","467"
"69605","349","634"
"69801","350","694"
"69802","350","1708"
"69803","350","1832"
"69804","350","998"
"69805","350","884"
"70001","351","1894"
"70002","351","1158"
"70003","351","1443"
"70004","351","1042"
"70005","351","1064"
"70201","352","1069"
"70202","352","847"
"70203","352","745"
"70204","352","190"
"70205","352","1141"
"70401","353","1677"
"70402","353","844"
"70403","353","556"
"70404","353","1444"
"70405","353","74"
"70601","354","664"
"70602","354","144"
"70603","354","302"
"70604","354","1543"
"70605","354","1766"
"70801","355","1196"
"70802","355","95"
"70803","355","1149"
"70804","355","1767"
"70805","355","186"
"71001","356","1039"
"71002","356","136"
"71003","356","217"
"71004","356","673"
"71005","356","1497"
"71201","357","960"
"71202","357","1145"
"71203","357","1318"
"71204","357","443"
"71205","357","1385"
"71401","358","595"
"71402","358","364"
"71403","358","1534"
"71404","358","320"
"71405","358","910"
"71601","359","385"
"71602","359","676"
"71603","359","921"
"71604","359","1368"
"71605","359","1465"
"71801","360","452"
"71802","360","865"
"71803","360","1097"
"71804","360","1602"
"71805","360","378"
"72001","361","1812"
"72002","361","1824"
"72003","361","953"
"72004","361","1250"
"72005","361","539"
"72201","362","809"
"72202","362","1204"
"72203","362","1056"
"72204","362","1713"
"72205","362","286"
"72401","363","1381"
"72402","363","1730"
"72403","363","1601"
"72404","363","844"
"72405","363","1049"
"72601","364","1329"
"72602","364","1893"
"72603","364","610"
"72604","364","1050"
"72605","364","1557"
"72801","365","1347"
"72802","365","1407"
"72803","365","1420"
"72804","365","1725"
"72805","365","1469"
"73001","366","1931"
"73002","366","1427"
"73003","366","408"
"73004","366","899"
"73005","366","695"
"73201","367","759"
"73202","367","633"
"73203","367","491"
"73204","367","151"
"73205","367","775"
"73401","368","1660"
"73402","368","1748"
"73403","368","1616"
"73404","368","759"
"73405","368","662"
"73601","369","137"
"73602","369","1683"
"73603","369","1116"
"73604","369","1105"
"73605","369","1327"
"73801","370","67"
"73802","370","267"
"73803","370","942"
"73804","370","1100"
"73805","370","537"
"74001","371","1696"
"74002","371","1212"
"74003","371","428"
"74004","371","581"
"74005","371","1789"
"74201","372","1932"
"74202","372","1653"
"74203","372","450"
"74204","372","1398"
"74205","372","588"
"74401","373","1064"
"74402","373","741"
"74403","373","614"
"74404","373","9"
"74405","373","1415"
"74601","374","919"
"74602","374","943"
"74603","374","1119"
"74604","374","1447"
"74605","374","1219"
"74801","375","123"
"74802","375","497"
"74803","375","1330"
"74804","375","1391"
"74805","375","1014"
"75001","376","1130"
"75002","376","876"
"75003","376","729"
"75004","376","158"
"75005","376","1005"
"75201","377","1766"
"75202","377","941"
"75203","377","208"
"75204","377","1462"
"75205","377","586"
"75401","378","1373"
"75402","378","962"
"75403","378","1135"
"75404","378","33"
"75405","378","25"
"75601","379","1080"
"75602","379","956"
"75603","379","950"
"75604","379","1220"
"75605","379","208"
"75801","380","1530"
"75802","380","1026"
"75803","380","289"
"75804","380","1573"
"75805","380","578"
"76001","381","886"
"76002","381","425"
"76003","381","227"
"76004","381","1746"
"76005","381","1958"
"76201","382","282"
"76202","382","1946"
"76203","382","86"
"76204","382","1496"
"76205","382","1212"
"76401","383","1471"
"76402","383","1961"
"76403","383","1805"
"76404","383","131"
"76405","383","455"
"76601","384","1542"
"76602","384","998"
"76603","384","1826"
"76604","384","181"
"76605","384","231"
"76801","385","554"
"76802","385","1792"
"76803","385","1648"
"76804","385","1066"
"76805","385","1556"
"77001","386","1081"
"77002","386","1415"
"77003","386","660"
"77004","386","94"
"77005","386","1710"
"77201","387","31"
"77202","387","1406"
"77203","387","170"
"77204","387","1054"
"77205","387","1539"
"77401","388","1386"
"77402","388","705"
"77403","388","513"
"77404","388","1170"
"77405","388","1081"
"77601","389","1402"
"77602","389","1814"
"77603","389","464"
"77604","389","985"
"77605","389","371"
"77801","390","1896"
"77802","390","1054"
"77803","390","1440"
"77804","390","1385"
"77805","390","656"
"78001","391","967"
"78002","391","1840"
"78003","391","1314"
"78004","391","167"
"78005","391","1725"
"78201","392","377"
"78202","392","957"
"78203","392","632"
"78204","392","1943"
"78205","392","1567"
"78401","393","1767"
"78402","393","523"
"78403","393","727"
"78404","393","637"
"78405","393","335"
"78601","394","1029"
"78602","394","1954"
"78603","394","843"
"78604","394","1059"
"78605","394","1798"
"78801","395","272"
"78802","395","679"
"78803","395","195"
"78804","395","930"
"78805","395","403"
"79001","396","1323"
"79002","396","631"
"79003","396","1547"
"79004","396","1272"
"79005","396","1254"
"79201","397","785"
"79202","397","476"
"79203","397","995"
"79204","397","727"
"79205","397","119"
"79401","398","621"
"79402","398","1205"
"79403","398","471"
"79404","398","1405"
"79405","398","1661"
"79601","399","289"
"79602","399","1107"
"79603","399","1235"
"79604","399","1154"
"79605","399","1765"
"79801","400","1504"
"79802","400","600"
"79803","400","680"
"79804","400","800"
"79805","400","1855"
"80001","401","174"
"80002","401","715"
"80003","401","1011"
"80004","401","1500"
"80005","401","1109"
"80201","402","1641"
"80202","402","1025"
"80203","402","1824"
"80204","402","67"
"80205","402","1926"
"80401","403","485"
"80402","403","312"
"80403","403","618"
"80404","403","208"
"80405","403","789"
"80601","404","607"
"80602","404","1045"
"80603","404","1481"
"80604","404","1486"
"80605","404","1142"
"80801","405","930"
"80802","405","1845"
"80803","405","1892"
"80804","405","1493"
"80805","405","963"
"81001","406","33"
"81002","406","1771"
"81003","406","577"
"81004","406","1548"
"81005","406","90"
"81201","407","1420"
"81202","407","1074"
"81203","407","1878"
"81204","407","1795"
"81205","407","1921"
"81401","408","493"
"81402","408","1233"
"81403","408","319"
"81404","408","460"
"81405","408","111"
"81601","409","91"
"81602","409","1508"
"81603","409","966"
"81604","409","701"
"81605","409","420"
"81801","410","84"
"81802","410","35"
"81803","410","1573"
"81804","410","897"
"81805","410","417"
"82001","411","660"
"82002","411","1409"
"82003","411","1037"
"82004","411","372"
"82005","411","1069"
"82201","412","597"
"82202","412","1756"
"82203","412","587"
"82204","412","596"
"82205","412","1866"
"82401","413","81"
"82402","413","1043"
"82403","413","1255"
"82404","413","702"
"82405","413","1160"
"82601","414","549"
"82602","414","1360"
"82603","414","1712"
"82604","414","47"
"82605","414","862"
"82801","415","1235"
"82802","415","262"
"82803","415","676"
"82804","415","1291"
"82805","415","1252"
"83001","416","1611"
"83002","416","1532"
"83003","416","343"
"83004","416","643"
"83005","416","557"
"83201","417","1265"
"83202","417","45"
"83203","417","601"
"83204","417","1874"
"83205","417","1726"
"83401","418","1164"
"83402","418","1931"
"83403","418","54"
"83404","418","1613"
"83405","418","1881"
"83601","419","1100"
"83602","419","1113"
"83603","419","909"
"83604","419","131"
"83605","419","1643"
"83801","420","1594"
"83802","420","1468"
"83803","420","481"
"83804","420","119"
"83805","420","859"
"84001","421","1392"
"84002","421","1790"
"84003","421","295"
"84004","421","1122"
"84005","421","644"
"84201","422","372"
"84202","422","7"
"84203","422","494"
"84204","422","588"
"84205","422","914"
"84401","423","700"
"84402","423","1524"
"84403","423","500"
"84404","423","1123"
"84405","423","404"
"84601","424","769"
"84602","424","1224"
"84603","424","1061"
"84604","424","1675"
"84605","424","154"
"84801","425","485"
"84802","425","380"
"84803","425","1640"
"84804","425","601"
"84805","425","1955"
"85001","426","962"
"85002","426","66"
"85003","426","1887"
"85004","426","369"
"85005","426","540"
"85201","427","1269"
"85202","427","962"
"85203","427","991"
"85204","427","308"
"85205","427","796"
"85401","428","1847"
"85402","428","1216"
"85403","428","1128"
"85404","428","1190"
"85405","428","1031"
"85601","429","76"
"85602","429","769"
"85603","429","601"
"85604","429","1191"
"85605","429","701"
"85801","430","1444"
"85802","430","1783"
"85803","430","514"
"85804","430","150"
"85805","430","1579"
"86001","431","657"
"86002","431","1085"
"86003","431","305"
"86004","431","387"
"86005","431","1335"
"86201","432","571"
"86202","432","705"
"86203","432","1874"
"86204","432","344"
"86205","432","1099"
"86401","433","750"
"86402","433","1207"
"86403","433","1622"
"86404","433","480"
"86405","433","1723"
"86601","434","1374"
"86602","434","550"
"86603","434","1570"
"86604","434","1671"
"86605","434","778"
"86801","435","450"
"86802","435","662"
"86803","435","1609"
"86804","435","923"
"86805","435","1791"
"87001","436","536"
"87002","436","1794"
"87003","436","45"
"87004","436","926"
"87005","436","1358"
"87201","437","1669"
"87202","437","909"
"87203","437","1893"
"87204","437","1350"
"87205","437","1049"
"87401","438","934"
"87402","438","1192"
"87403","438","171"
"87404","438","117"
"87405","438","1490"
"87601","439","1726"
"87602","439","683"
"87603","439","1494"
"87604","439","1715"
"87605","439","290"
"87801","440","306"
"87802","440","902"
"87803","440","547"
"87804","440","895"
"87805","440","1083"
"88001","441","1504"
"88002","441","1319"
"88003","441","1835"
"88004","441","1702"
"88005","441","1801"
"88201","442","1057"
"88202","442","1085"
"88203","442","1866"
"88204","442","1266"
"88205","442","1102"
"88401","443","1768"
"88402","443","551"
"88403","443","1142"
"88404","443","550"
"88405","443","1779"
"88601","444","279"
"88602","444","247"
"88603","444","1626"
"88604","444","133"
"88605","444","1352"
"88801","445","1647"
"88802","445","1619"
"88803","445","116"
"88804","445","1217"
"88805","445","1856"
"89001","446","1338"
"89002","446","1659"
"89003","446","894"
"89004","446","1790"
"89005","446","1128"
"89201","447","540"
"89202","447","868"
"89203","447","757"
"89204","447","1162"
"89205","447","177"
"89401","448","711"
"89402","448","1127"
"89403","448","961"
"89404","448","760"
"89405","448","1891"
"89601","449","1558"
"89602","449","161"
"89603","449","57"
"89604","449","121"
"89605","449","1423"
"89801","450","41"
"89802","450","1935"
"89803","450","1218"
"89804","450","442"
"89805","450","27"
"90001","451","1371"
"90002","451","1286"
"90003","451","382"
"90004","451","1407"
"90005","451","629"
"90201","452","913"
"90202","452","1854"
"90203","452","180"
"90204","452","1477"
"90205","452","315"
"90401","453","1321"
"90402","453","1023"
"90403","453","984"
"90404","453","1427"
"90405","453","1118"
"90601","454","1932"
"90602","454","1191"
"90603","454","1321"
"90604","454","1578"
"90605","454","1297"
"90801","455","1964"
"90802","455","192"
"90803","455","813"
"90804","455","1"
"90805","455","17"
"91001","456","547"
"91002","456","610"
"91003","456","1642"
"91004","456","1289"
"91005","456","406"
"91201","457","1903"
"91202","457","1737"
"91203","457","784"
"91204","457","701"
"91205","457","304"
"91401","458","1839"
"91402","458","1598"
"91403","458","1306"
"91404","458","1628"
"91405","458","1470"
"91601","459","951"
"91602","459","554"
"91603","459","1282"
"91604","459","124"
"91605","459","886"
"91801","460","1396"
"91802","460","50"
"91803","460","1239"
"91804","460","1080"
"91805","460","247"
"92001","461","1210"
"92002","461","923"
"92003","461","709"
"92004","461","1730"
"92005","461","1444"
"92201","462","12"
"92202","462","85"
"92203","462","175"
"92204","462","264"
"92205","462","659"
"92401","463","456"
"92402","463","1683"
"92403","463","621"
"92404","463","1069"
"92405","463","633"
"92601","464","83"
"92602","464","574"
"92603","464","341"
"92604","464","721"
"92605","464","100"
"92801","465","1320"
"92802","465","1674"
"92803","465","1930"
"92804","465","1343"
"92805","465","1837"
"93001","466","600"
"93002","466","1118"
"93003","466","815"
"93004","466","1818"
"93005","466","236"
"93201","467","1633"
"93202","467","1301"
"93203","467","790"
"93204","467","1657"
"93205","467","87"
"93401","468","753"
"93402","468","1093"
"93403","468","650"
"93404","468","1568"
"93405","468","1779"
"93601","469","104"
"93602","469","1124"
"93603","469","915"
"93604","469","1012"
"93605","469","1210"
"93801","470","1527"
"93802","470","788"
"93803","470","1046"
"93804","470","1278"
"93805","470","1660"
"94001","471","1033"
"94002","471","1212"
"94003","471","1900"
"94004","471","1637"
"94005","471","230"
"94201","472","1699"
"94202","472","860"
"94203","472","134"
"94204","472","756"
"94205","472","1842"
"94401","473","1270"
"94402","473","816"
"94403","473","1120"
"94404","473","879"
"94405","473","1208"
"94601","474","1218"
"94602","474","1171"
"94603","474","482"
"94604","474","1185"
"94605","474","1419"
"94801","475","1047"
"94802","475","1261"
"94803","475","926"
"94804","475","597"
"94805","475","1231"
"95001","476","1869"
"95002","476","472"
"95003","476","130"
"95004","476","329"
"95005","476","7"
"95201","477","207"
"95202","477","375"
"95203","477","303"
"95204","477","445"
"95205","477","1374"
"95401","478","42"
"95402","478","584"
"95403","478","1527"
"95404","478","399"
"95405","478","1757"
"95601","479","1389"
"95602","479","1723"
"95603","479","789"
"95604","479","988"
"95605","479","1370"
"95801","480","458"
"95802","480","223"
"95803","480","1219"
"95804","480","585"
"95805","480","1788"
"96001","481","1527"
"96002","481","857"
"96003","481","573"
"96004","481","1431"
"96005","481","1160"
"96201","482","1163"
"96202","482","744"
"96203","482","1681"
"96204","482","1251"
"96205","482","974"
"96401","483","908"
"96402","483","1953"
"96403","483","1120"
"96404","483","741"
"96405","483","766"
"96601","484","1084"
"96602","484","826"
"96603","484","1764"
"96604","484","1367"
"96605","484","202"
"96801","485","705"
"96802","485","1046"
"96803","485","1367"
"96804","485","988"
"96805","485","707"
"97001","486","459"
"97002","486","1615"
"97003","486","926"
"97004","486","194"
"97005","486","582"
"97201","487","588"
"97202","487","183"
"97203","487","823"
"97204","487","863"
"97205","487","1273"
"97401","488","1716"
"97402","488","1642"
"97403","488","843"
"97404","488","739"
"97405","488","1704"
"97601","489","1957"
"97602","489","923"
"97603","489","1420"
"97604","489","721"
"97605","489","1436"
"97801","490","1417"
"97802","490","1447"
"97803","490","658"
"97804","490","485"
"97805","490","315"
"98001","491","894"
"98002","491","125"
"98003","491","1867"
"98004","491","625"
"98005","491","1404"
"98201","492","826"
"98202","492","1689"
"98203","492","1713"
"98204","492","1042"
"98205","492","355"
"98401","493","697"
"98402","493","437"
"98403","493","1765"
"98404","493","505"
"98405","493","529"
"98601","494","1186"
"98602","494","1581"
"98603","494","1789"
"98604","494","1636"
"98605","494","789"
"98801","495","736"
"98802","495","512"
"98803","495","267"
"98804","495","550"
"98805","495","443"
"99001","496","1664"
"99002","496","282"
"99003","496","946"
"99004","496","424"
"99005","496","1482"
"99201","497","1862"
"99202","497","1750"
"99203","497","673"
"99204","497","849"
"99205","497","368"
"99401","498","599"
"99402","498","1174"
"99403","498","1552"
"99404","498","1543"
"99405","498","325"
"99601","499","1053"
"99602","499","1394"
"99603","499","884"
"99604","499","1933"
"99605","499","380"
"99801","500","137"
"99802","500","1781"
"99803","500","1530"
"99804","500","1386"
"99805","500","787"
